,treatment,ID_strain,strain,base,mut.type,delta.bases,gene
0,EC_29_anc,EC_29_anc,0,257908,del,776,crl
1,EC_29_anc,EC_29_anc,0,258684,del,-776,crl
2,EC_29_anc,EC_29_anc,0,1299499,del,1199,ychE
3,EC_29_anc,EC_29_anc,0,1300698,del,-1199,oppA
4,EC_29_anc,EC_29_anc,0,1978503,del,776,insB1
5,EC_29_anc,EC_29_anc,0,1979279,del,-776,insA
6,EC_29_anc,EC_29_anc,0,2173363,del,2,gatC
7,EC_29_anc,EC_29_anc,0,2173365,del,-2,gatC
8,EC_29_anc,EC_29_anc,0,2782745,del,1,ypjA
9,EC_29_anc,EC_29_anc,0,2782746,del,-1,pinH
10,EC_29_anc,EC_29_anc,0,3474425,snp,0,rpsL
11,EC_29_anc,EC_29_anc,0,3560455,ins,0,glpR
12,EC_29_anc,EC_29_anc,0,4182830,snp,0,rpoB
13,EC_29_anc,EC_29_anc,0,4296381,ins,0,gltP
14,EC_29,EC_29_1,1,257908,del,776,crl
15,EC_29,EC_29_1,1,258684,del,-776,crl
16,EC_29,EC_29_1,1,1299499,del,1199,ychE
17,EC_29,EC_29_1,1,1300698,del,-1199,oppA
18,EC_29,EC_29_1,1,1619122,snp,0,marR
19,EC_29,EC_29_1,1,1795303,del,1,ihfA
20,EC_29,EC_29_1,1,1795304,del,-1,ihfA
21,EC_29,EC_29_1,1,1978503,del,776,insB1
22,EC_29,EC_29_1,1,1979279,del,-776,insA
23,EC_29,EC_29_1,1,2173363,del,2,gatC
24,EC_29,EC_29_1,1,2173365,del,-2,gatC
25,EC_29,EC_29_1,1,2782745,del,1,ypjA
26,EC_29,EC_29_1,1,2782746,del,-1,pinH
27,EC_29,EC_29_1,1,3474425,snp,0,rpsL
28,EC_29,EC_29_1,1,3560455,ins,0,glpR
29,EC_29,EC_29_1,1,4182830,snp,0,rpoB
30,EC_29,EC_29_1,1,4296381,ins,0,gltP
31,EC_29,EC_29_2,2,257908,del,776,crl
32,EC_29,EC_29_2,2,258684,del,-776,crl
33,EC_29,EC_29_2,2,1299499,del,1199,ychE
34,EC_29,EC_29_2,2,1300698,del,-1199,oppA
35,EC_29,EC_29_2,2,1619204,del,150,marR
36,EC_29,EC_29_2,2,1619354,del,-150,marR
37,EC_29,EC_29_2,2,1978503,del,776,insB1
38,EC_29,EC_29_2,2,1979279,del,-776,insA
39,EC_29,EC_29_2,2,2173363,del,2,gatC
40,EC_29,EC_29_2,2,2173365,del,-2,gatC
41,EC_29,EC_29_2,2,2782745,del,1,ypjA
42,EC_29,EC_29_2,2,2782746,del,-1,pinH
43,EC_29,EC_29_2,2,2811112,ins,0,mprA
44,EC_29,EC_29_2,2,3441062,snp,0,rpsD
45,EC_29,EC_29_2,2,3474425,snp,0,rpsL
46,EC_29,EC_29_2,2,3560455,ins,0,glpR
47,EC_29,EC_29_2,2,3625592,del,95041,yhhJ
48,EC_29,EC_29_2,2,3720633,del,-95041,mokA
49,EC_29,EC_29_2,2,4182830,snp,0,rpoB
50,EC_29,EC_29_2,2,4296381,ins,0,gltP
51,EC_29,EC_29_3,3,257908,del,776,crl
52,EC_29,EC_29_3,3,258684,del,-776,crl
53,EC_29,EC_29_3,3,485947,snp,0,acrR
54,EC_29,EC_29_3,3,1299499,del,1199,ychE
55,EC_29,EC_29_3,3,1300698,del,-1199,oppA
56,EC_29,EC_29_3,3,1979486,ins,0,insA
57,EC_29,EC_29_3,3,2173363,del,2,gatC
58,EC_29,EC_29_3,3,2173365,del,-2,gatC
59,EC_29,EC_29_3,3,2782745,del,1,ypjA
60,EC_29,EC_29_3,3,2782746,del,-1,pinH
61,EC_29,EC_29_3,3,3474425,snp,0,rpsL
62,EC_29,EC_29_3,3,3560455,ins,0,glpR
63,EC_29,EC_29_3,3,3635647,del,16389,yhiM
64,EC_29,EC_29_3,3,3652036,del,-16389,yhiS
65,EC_29,EC_29_3,3,4182830,snp,0,rpoB
66,EC_29,EC_29_3,3,4296381,ins,0,gltP
67,EC_29,EC_29_3,3,4542679,snp,0,"fimE,fimA"
68,EC_29,EC_29_4,4,257908,del,776,crl
69,EC_29,EC_29_4,4,258684,del,-776,crl
70,EC_29,EC_29_4,4,1619324,del,9,marR
71,EC_29,EC_29_4,4,1619333,del,-9,marR
72,EC_29,EC_29_4,4,1863796,ins,0,gapA
73,EC_29,EC_29_4,4,1978503,del,776,insB1
74,EC_29,EC_29_4,4,1979279,del,-776,insA
75,EC_29,EC_29_4,4,2173363,del,2,gatC
76,EC_29,EC_29_4,4,2173365,del,-2,gatC
77,EC_29,EC_29_4,4,2406549,del,9,lrhA
78,EC_29,EC_29_4,4,2406558,del,-9,lrhA
79,EC_29,EC_29_4,4,2782745,del,1,ypjA
80,EC_29,EC_29_4,4,2782746,del,-1,pinH
81,EC_29,EC_29_4,4,3474425,snp,0,rpsL
82,EC_29,EC_29_4,4,3560455,ins,0,glpR
83,EC_29,EC_29_4,4,3635503,del,16533,yhiM
84,EC_29,EC_29_4,4,3652036,del,-16533,yhiS
85,EC_29,EC_29_4,4,4182830,snp,0,rpoB
86,EC_29,EC_29_4,4,4220945,snp,0,arpA
87,EC_29,EC_29_4,4,4296381,ins,0,gltP
88,EC_29,EC_29_5,5,187285,del,1,glnD
89,EC_29,EC_29_5,5,187286,del,-1,glnD
90,EC_29,EC_29_5,5,257908,del,776,crl
91,EC_29,EC_29_5,5,258684,del,-776,crl
92,EC_29,EC_29_5,5,1299499,del,1199,ychE
93,EC_29,EC_29_5,5,1300698,del,-1199,oppA
94,EC_29,EC_29_5,5,1978503,del,776,insB1
95,EC_29,EC_29_5,5,1979279,del,-776,insA
96,EC_29,EC_29_5,5,2173363,del,2,gatC
97,EC_29,EC_29_5,5,2173365,del,-2,gatC
98,EC_29,EC_29_5,5,2782745,del,1,ypjA
99,EC_29,EC_29_5,5,2782746,del,-1,pinH
100,EC_29,EC_29_5,5,3441527,snp,0,rpsD
101,EC_29,EC_29_5,5,3474425,snp,0,rpsL
102,EC_29,EC_29_5,5,3560455,ins,0,glpR
103,EC_29,EC_29_5,5,4182830,snp,0,rpoB
104,EC_29,EC_29_5,5,4296381,ins,0,gltP
105,EC_29,EC_29_5,5,4542535,ins,0,fimE
106,EC_29,EC_29_6,6,257908,del,776,crl
107,EC_29,EC_29_6,6,258684,del,-776,crl
108,EC_29,EC_29_6,6,1293184,ins,0,hns
109,EC_29,EC_29_6,6,1978503,del,776,insB1
110,EC_29,EC_29_6,6,1979279,del,-776,insA
111,EC_29,EC_29_6,6,2173363,del,2,gatC
112,EC_29,EC_29_6,6,2173365,del,-2,gatC
113,EC_29,EC_29_6,6,2782745,del,1,ypjA
114,EC_29,EC_29_6,6,2782746,del,-1,pinH
115,EC_29,EC_29_6,6,3474425,snp,0,rpsL
116,EC_29,EC_29_6,6,3560455,ins,0,glpR
117,EC_29,EC_29_6,6,4182830,snp,0,rpoB
118,EC_29,EC_29_6,6,4182842,snp,0,rpoB
119,EC_29,EC_29_6,6,4277620,snp,0,soxR
120,EC_29,EC_29_6,6,4296381,ins,0,gltP
121,EC_29,EC_29_6,6,4541839,snp,0,"fimB,fimE"